{
  "FullBody": {
    "All": 1.4531551599502563,
    "Gesticuling": 1.4531551599502563
  },
  "UpperBody": {
    "All": 1.6412341594696045,
    "Gesticuling": 1.6412341594696045
  },
  "LowerBody": {
    "All": 1.6412341594696045,
    "Gesticuling": 1.6412341594696045
  }
}