{
  "FullBody": {
    "All": 1.6051661968231201,
    "UpperStretching": 1.6051661968231201
  },
  "UpperBody": {
    "All": 1.6387691497802734,
    "UpperStretching": 1.6387691497802734
  },
  "LowerBody": {
    "All": 1.6387691497802734,
    "UpperStretching": 1.6387691497802734
  }
}